{
  "multi_restart": {
    "submission_files": [
      "e205_multi_restart_raw.csv",
      "e205_multi_restart_T085.csv",
      "e205_multi_restart_T09.csv"
    ],
    "oof_macro_map": 0.8723809935976556,
    "model_names": [
      "e79",
      "e175_best",
      "e175_lgb",
      "e179_best",
      "e185_tabpfn_relabel",
      "e185_tabpfn_all",
      "e186_ovo",
      "e180_cnn",
      "e187_blend",
      "e173",
      "e179_cb"
    ],
    "weights": {
      "e79": 0.017209358877173238,
      "e175_best": 0.0010235514215766095,
      "e175_lgb": 0.09448350363447017,
      "e179_best": 0.00518637113564212,
      "e185_tabpfn_relabel": 0.2519542267001977,
      "e185_tabpfn_all": 0.03410380632835184,
      "e186_ovo": 0.5676883436452211,
      "e180_cnn": 0.022690551421456248,
      "e187_blend": 0.004787022599997694,
      "e173": 0.00014407706533880253,
      "e179_cb": 0.0007291871705743951
    }
  },
  "power_p2": {
    "submission_files": [
      "e205_power_p2.csv"
    ],
    "oof_macro_map": 0.8738901624084287,
    "model_names": [
      "e79",
      "e175_best",
      "e175_lgb",
      "e179_best",
      "e185_tabpfn_relabel",
      "e185_tabpfn_all",
      "e186_ovo",
      "e180_cnn",
      "e187_blend",
      "e173",
      "e179_cb"
    ],
    "weights": {
      "e79": 0.21701799313737,
      "e175_best": 0.009426306409252431,
      "e175_lgb": 0.04065839017591247,
      "e179_best": 0.002705821401012472,
      "e185_tabpfn_relabel": 0.10555022033082065,
      "e185_tabpfn_all": 0.20061250550656184,
      "e186_ovo": 0.4063936458705575,
      "e180_cnn": 0.01071508856465997,
      "e187_blend": 1.7426180837606065e-06,
      "e173": 0.006217481721987891,
      "e179_cb": 0.0007008042637811271
    }
  },
  "power_p3": {
    "submission_files": [
      "e205_power_p3.csv"
    ],
    "oof_macro_map": 0.8637021349228644,
    "model_names": [
      "e79",
      "e175_best",
      "e175_lgb",
      "e179_best",
      "e185_tabpfn_relabel",
      "e185_tabpfn_all",
      "e186_ovo",
      "e180_cnn",
      "e187_blend",
      "e173",
      "e179_cb"
    ],
    "weights": {
      "e79": 0.2736450559718797,
      "e175_best": 0.0315724983604142,
      "e175_lgb": 0.06055269277715437,
      "e179_best": 0.0009872656277987292,
      "e185_tabpfn_relabel": 0.11817252222336268,
      "e185_tabpfn_all": 0.05531907338319421,
      "e186_ovo": 0.2900456895737611,
      "e180_cnn": 0.13421759590280272,
      "e187_blend": 7.489301972631973e-06,
      "e173": 0.008242955820526865,
      "e179_cb": 0.02723716105713308
    }
  },
  "e188_plus_dart_cnn": {
    "submission_files": [
      "e205_e188_plus_dart_cnn.csv",
      "e205_e188_plus_dart_cnn_T09.csv"
    ],
    "oof_macro_map": 0.8791550716780003,
    "model_names": [
      "e79",
      "e175_best",
      "e175_lgb",
      "e179_best",
      "e185_tabpfn_relabel",
      "e185_tabpfn_all",
      "e186_ovo",
      "e180_cnn",
      "e187_blend",
      "e173",
      "e179_cb",
      "e201_dart",
      "e182_cnn_v3"
    ],
    "weights": {
      "e79": 0.2108051819489097,
      "e175_best": 0.028199851838525237,
      "e175_lgb": 2.9640293195875253e-05,
      "e179_best": 0.013005944409173539,
      "e185_tabpfn_relabel": 0.0005223818583797621,
      "e185_tabpfn_all": 0.02760821866759481,
      "e186_ovo": 0.5347516252223014,
      "e180_cnn": 0.07548710464019764,
      "e187_blend": 0.002961629537471233,
      "e173": 0.0008075063787351824,
      "e179_cb": 0.00017457792325231721,
      "e201_dart": 0.06747018244368073,
      "e182_cnn_v3": 0.038176154838582776
    }
  }
}